day,project,platform,flavor,side,runs,test_min,first_time_pct,failed_once
2026-07-20,expo,android,,upstream,1,11.3,0,1.0
2026-07-20,expo,ios,,upstream,1,19.5,0,2.0
2026-07-21,expo,android,,upstream,1,10.4,100,0.0
2026-07-21,expo,ios,,upstream,2,14.8,50,2.0
2026-07-22,expo,android,,upstream,1,14.5,0,1.0
2026-07-22,expo,ios,,upstream,3,14.9,100,0.0
2026-07-24,expo,ios,,upstream,1,15.8,100,0.0
2026-07-25,expo,android,,upstream,1,12.7,0,1.0
2026-07-25,expo,ios,,upstream,1,11.8,100,0.0
2026-07-26,expo,android,,upstream,1,14.0,0,2.0
2026-07-26,expo,ios,,upstream,1,12.3,0,2.0
2026-07-31,react-navigation,android,,upstream,2,25.7,0,1.0
2026-08-01,react-navigation,android,,upstream,1,23.2,100,0.0
2026-08-02,react-navigation,android,,upstream,2,23.5,0,1.0
2026-08-03,react-navigation,android,,upstream,3,23.1,33,1.0
2026-08-04,react-navigation,android,,upstream,2,21.3,100,0.0
2026-08-05,react-navigation,android,,upstream,3,23.4,67,0.33
2026-09-01,expo,android,,upstream,1,40.2,0,1.0
2026-09-02,expo,android,,upstream,1,73.4,0,3.0
2026-09-02,react-navigation,android,,upstream,1,23.9,100,0.0
2026-09-03,expo,android,,upstream,1,64.0,0,3.0
2026-09-03,expo,ios,,upstream,1,28.9,0,1.0
2026-09-04,expo,android,,upstream,1,46.4,0,4.0
2026-09-04,expo,ios,,upstream,1,17.5,0,4.0
2026-09-04,react-navigation,android,,upstream,1,24.2,100,0.0
2026-09-05,react-navigation,android,,upstream,1,27.9,0,1.0
2026-09-06,expo,android,,upstream,1,39.4,0,1.0
2026-09-06,expo,ios,,upstream,2,26.2,0,1.0
2026-09-07,expo,android,,upstream,1,58.5,0,5.0
2026-09-07,expo,ios,,upstream,1,28.0,0,3.0
2026-09-09,expo,ios,,upstream,1,7.5,100,0.0
2026-09-12,expo,android,,upstream,1,18.3,0,2.0
2026-09-14,expo,android,,upstream,1,12.8,0,3.0
2026-09-15,expo,android,,upstream,1,21.9,0,3.0
2026-09-16,expo,android,,upstream,1,25.0,0,3.0
2026-09-16,expo,ios,,upstream,1,10.5,100,0.0
2026-09-17,expo,android,,upstream,2,15.7,0,1.0
2026-09-17,expo,ios,,upstream,1,12.1,0,1.0
2026-09-17,react-navigation,android,,upstream,2,24.7,50,0.5
2026-09-17,react-navigation,ios,,upstream,2,21.5,50,0.5
2026-09-18,expo,android,,upstream,2,25.9,0,4.0
2026-09-18,expo,ios,,upstream,2,11.8,50,0.5
2026-09-18,react-navigation,android,,upstream,5,21.6,80,0.2
2026-09-18,react-navigation,ios,,upstream,5,21.8,60,0.4
2026-09-19,expo,android,,upstream,1,26.9,0,1.0
2026-09-19,expo,ios,,upstream,1,9.4,100,0.0
2026-09-19,react-navigation,android,,upstream,2,21.8,50,0.5
2026-09-19,react-navigation,ios,,upstream,2,20.0,100,0.0
2026-09-20,expo,ios,,upstream,1,13.9,100,0.0
2026-09-20,react-navigation,android,,upstream,1,23.5,100,0.0
2026-09-20,react-navigation,ios,,upstream,1,21.1,100,0.0
2026-09-21,expo,android,,upstream,1,16.0,0,2.0
2026-09-21,react-navigation,android,,upstream,2,16.8,100,0.0
2026-09-21,react-navigation,ios,,upstream,2,25.3,100,0.0
2026-09-22,expo,android,,upstream,3,32.5,0,3.0
2026-09-22,expo,ios,,upstream,2,18.5,0,1.0
2026-09-22,react-navigation,android,,upstream,2,23.2,100,0.0
2026-09-22,react-navigation,ios,,upstream,2,30.2,50,0.5
2026-09-23,expo,android,,upstream,3,13.0,33,0.67
2026-09-23,expo,ios,,upstream,1,19.7,0,2.0
2026-09-23,react-navigation,android,,upstream,1,26.2,0,1.0
2026-09-23,react-navigation,ios,,upstream,1,18.3,100,0.0
2026-09-24,expo,android,,upstream,2,11.3,100,0.0
2026-09-24,expo,ios,,upstream,2,16.1,50,0.5
2026-09-24,react-navigation,android,,upstream,1,25.6,0,1.0
2026-09-24,react-navigation,ios,,upstream,1,26.3,0,2.0
2026-09-25,expo,android,,upstream,3,10.5,100,0.0
2026-09-25,expo,ios,,upstream,2,13.9,100,0.0
2026-09-25,react-navigation,android,,upstream,1,26.9,0,2.0
2026-09-25,react-navigation,ios,,upstream,1,25.4,100,0.0
2026-09-26,expo,android,,upstream,1,11.5,100,0.0
2026-09-26,expo,ios,,upstream,1,17.1,0,1.0
2026-09-26,react-navigation,android,,upstream,1,27.4,0,1.0
2026-09-26,react-navigation,ios,,upstream,1,22.5,100,0.0
2026-09-27,react-navigation,android,,upstream,1,24.7,100,0.0
2026-09-27,react-navigation,ios,,upstream,1,22.4,0,1.0
2026-09-28,expo,android,,upstream,3,11.1,67,1.67
2026-09-28,expo,ios,,upstream,3,17.4,33,0.67
2026-09-28,react-native,android,debug,upstream,11,20.6,82,4.55
2026-09-28,react-native,android,release,upstream,11,27.8,82,8.91
2026-09-28,react-native,ios,debug,upstream,11,81.8,18,1.73
2026-09-28,react-native,ios,release,upstream,11,87.5,36,0.73
2026-09-28,react-navigation,android,,upstream,4,24.0,75,0.25
2026-09-28,react-navigation,ios,,upstream,4,25.4,75,0.25
2026-09-29,expo,android,,upstream,1,11.0,100,0.0
2026-09-29,expo,ios,,upstream,1,13.9,100,0.0
2026-09-29,react-native,android,debug,upstream,11,19.8,100,0.0
2026-09-29,react-native,android,release,upstream,11,28.9,91,4.45
2026-09-29,react-native,ios,debug,upstream,12,110.3,17,1.75
2026-09-29,react-native,ios,release,upstream,12,117.4,42,0.92
2026-09-29,react-navigation,android,,upstream,2,21.0,100,0.0
2026-09-29,react-navigation,ios,,upstream,2,22.0,50,0.5
2026-09-30,expo,android,,upstream,2,22.8,0,1.5
2026-09-30,expo,ios,,upstream,2,17.5,100,0.0
2026-09-30,react-native,android,debug,upstream,7,18.4,100,0.0
2026-09-30,react-native,android,release,upstream,7,28.3,100,0.0
2026-09-30,react-native,ios,debug,upstream,7,103.5,0,1.71
2026-09-30,react-native,ios,release,upstream,7,83.6,57,0.43
2026-09-30,react-navigation,android,,upstream,1,20.3,100,0.0
2026-09-30,react-navigation,ios,,upstream,1,22.7,0,1.0
2026-10-01,expo,android,,ours,2,28.0,0,6.0
2026-10-01,expo,android,,upstream,2,11.4,100,0.0
2026-10-01,expo,ios,,ours,2,7.6,50,1.5
2026-10-01,expo,ios,,upstream,1,14.7,100,0.0
2026-10-01,react-native,android,debug,ours,2,16.3,50,0.5
2026-10-01,react-native,android,debug,upstream,13,18.7,92,1.92
2026-10-01,react-native,android,release,ours,2,22.7,50,11.0
2026-10-01,react-native,android,release,upstream,13,27.9,100,0.0
2026-10-01,react-native,ios,debug,ours,2,170.4,0,17.0
2026-10-01,react-native,ios,debug,upstream,13,85.0,15,1.08
2026-10-01,react-native,ios,release,ours,2,171.8,0,16.5
2026-10-01,react-native,ios,release,upstream,12,84.4,50,0.58
2026-10-01,react-navigation,android,,ours,3,16.3,100,0.0
2026-10-01,react-navigation,android,,upstream,1,25.6,100,0.0
2026-10-01,react-navigation,ios,,ours,2,21.6,100,0.0
2026-10-01,react-navigation,ios,,upstream,1,27.9,0,1.0
2026-10-02,enriched-html,android,,ours,7,27.1,0,22.71
2026-10-02,enriched-html,ios,,ours,7,33.5,0,10.71
2026-10-02,expo,android,,ours,4,17.5,0,2.25
2026-10-02,expo,android,,upstream,2,30.7,50,2.5
2026-10-02,expo,ios,,ours,4,11.7,0,1.5
2026-10-02,expo,ios,,upstream,2,16.4,50,0.5
2026-10-02,pager-view,android,,ours,3,20.1,0,8.33
2026-10-02,pager-view,ios,,ours,3,8.2,0,3.0
2026-10-02,react-native,android,debug,ours,2,11.1,100,0.0
2026-10-02,react-native,android,debug,upstream,16,18.8,94,1.56
2026-10-02,react-native,android,release,ours,2,15.4,100,0.0
2026-10-02,react-native,android,release,upstream,16,28.2,94,3.06
2026-10-02,react-native,ios,debug,ours,2,53.0,50,0.5
2026-10-02,react-native,ios,debug,upstream,15,83.1,20,1.27
2026-10-02,react-native,ios,release,ours,2,47.3,50,0.5
2026-10-02,react-native,ios,release,upstream,16,82.6,50,0.5
2026-10-02,react-navigation,android,,ours,3,25.8,100,0.0
2026-10-02,react-navigation,android,,upstream,3,24.6,100,0.0
2026-10-02,react-navigation,ios,,ours,3,19.5,33,0.67
2026-10-02,react-navigation,ios,,upstream,3,26.6,67,0.33
2026-10-03,enriched-html,android,,ours,3,23.5,0,8.0
2026-10-03,enriched-html,ios,,ours,2,25.4,0,5.0
2026-10-03,expo,android,,ours,3,13.8,0,2.0
2026-10-03,expo,android,,upstream,1,10.8,0,1.0
2026-10-03,expo,ios,,ours,2,9.3,0,1.0
2026-10-03,expo,ios,,upstream,2,19.2,0,2.5
2026-10-03,pager-view,android,,ours,3,19.9,0,8.0
2026-10-03,pager-view,ios,,ours,3,8.8,0,3.0
2026-10-03,react-native,android,debug,ours,1,11.6,100,0.0
2026-10-03,react-native,android,debug,upstream,1,18.8,100,0.0
2026-10-03,react-native,android,release,ours,1,16.3,100,0.0
2026-10-03,react-native,android,release,upstream,1,27.6,100,0.0
2026-10-03,react-native,ios,debug,ours,1,19.4,100,0.0
2026-10-03,react-native,ios,debug,upstream,1,87.4,0,2.0
2026-10-03,react-native,ios,release,ours,1,18.8,100,0.0
2026-10-03,react-native,ios,release,upstream,1,84.6,100,0.0
2026-10-03,react-navigation,android,,ours,3,26.6,100,0.0
2026-10-03,react-navigation,android,,upstream,1,24.2,100,0.0
2026-10-03,react-navigation,ios,,ours,3,12.2,100,0.0
2026-10-03,react-navigation,ios,,upstream,1,28.4,0,1.0
2026-10-04,react-native,android,debug,ours,1,11.8,100,0.0
2026-10-04,react-native,android,release,ours,1,15.4,100,0.0
2026-10-04,react-native,ios,debug,ours,1,19.8,100,0.0
2026-10-04,react-native,ios,release,ours,1,21.5,100,0.0
